difficulty,encounterID,name,size,timestamp,type,agility,armor,artifact,auras,avoidance,block,critMelee,critRanged,critSpell,dodge,faction,gear,hasteMelee,hasteRanged,hasteSpell,heartOfAzeroth,intellect,leech,mastery,parry,pvpTalents,sourceID,specID,speed,stamina,strength,talents,versatilityDamageDone,versatilityDamageReduction,versatilityHealingDone,ability,source,sourceIsFriendly,targetID,targetIsFriendly,amount,attackPower,classResources,facing,hitPoints,hitType,itemLevel,mapID,maxHitPoints,mitigated,resourceActor,spellPower,unmitigatedAmount,x,y
3.0,785.0,High Priestess Jeklik,20.0,0.0,encounterstart,,,,,,,,,,,,,,,,,,,,,,,,,,,,,,,,,,,,,,,,,,,,,,,,,,
,,,,0.0,combatantinfo,346.0,1902.0,[],"[{'source': 0, 'ability': 24425, 'stacks': 1, 'icon': 'ability_creature_poison_05.jpg', 'name': 'Spirit of Zandalar'}, {'source': 0, 'ability': 22888, 'stacks': 1, 'icon': 'inv_misc_head_dragon_01.jpg', 'name': 'Rallying Cry of the Dragonslayer'}]",0.0,0.0,0.0,0.0,0.0,0.0,98.0,"[{'id': 16900, 'quality': 4, 'icon': 'inv_helmet_09.jpg', 'itemLevel': 76}, {'id': 19885, 'quality': 4, 'icon': 'inv_jewelry_ring_45.jpg', 'itemLevel': 66}, {'id': 18810, 'quality': 4, 'icon': 'inv_shoulder_18.jpg', 'itemLevel': 71}, {'id': 0, 'quality': 1, 'icon': 'inv_axe_02.jpg', 'itemLevel': 0}, {'id': 16897, 'quality': 4, 'icon': 'inv_chest_chain_16.jpg', 'itemLevel': 76}, {'id': 16903, 'quality': 4, 'icon': 'inv_belt_06.jpg', 'itemLevel': 76}, {'id': 16901, 'quality': 4, 'icon': 'inv_pants_06.jpg', 'itemLevel': 76}, {'id': 19892, 'quality': 3, 'icon': 'inv_boots_chain_13.jpg', 'itemLevel': 71}, {'id': 16904, 'quality': 4, 'icon': 'inv_bracer_03.jpg', 'itemLevel': 76}, {'id': 20661, 'quality': 2, 'icon': 'inv_gauntlets_05.jpg', 'itemLevel': 60, 'permanentEnchant': 1843}, {'id': 17110, 'quality': 4, 'icon': 'inv_jewelry_ring_21.jpg', 'itemLevel': 70}, {'id': 19863, 'quality': 3, 'icon': 'inv_jewelry_ring_47.jpg', 'itemLevel': 71}, {'id': 13965, 'quality': 3, 'icon': 'inv_misc_armorkit_09.jpg', 'itemLevel': 63}, {'id': 18470, 'quality': 3, 'icon': 'inv_jewelry_talisman_10.jpg', 'itemLevel': 62}, {'id': 18510, 'quality': 4, 'icon': 'inv_misc_cape_01.jpg', 'itemLevel': 62}, {'id': 22713, 'quality': 3, 'icon': 'inv_waepon_bow_zulgrub_d_01.jpg', 'itemLevel': 68}, {'id': 20694, 'quality': 2, 'icon': 'inv_misc_orb_04.jpg', 'itemLevel': 60}, {'id': 13289, 'quality': 1, 'icon': 'inv_weapon_rifle_05.jpg', 'itemLevel': 1}, {'id': 0, 'quality': 1, 'icon': 'inv_axe_02.jpg', 'itemLevel': 0}]",0.0,0.0,0.0,[],326.0,0.0,0.0,0.0,"[{'id': 0, 'icon': 'inv_axe_02.jpg'}, {'id': 0, 'icon': 'inv_axe_02.jpg'}, {'id': 0, 'icon': 'inv_axe_02.jpg'}, {'id': 0, 'icon': 'inv_axe_02.jpg'}]",1.0,0.0,0.0,402.0,81.0,[],0.0,0.0,0.0,,,,,,,,,,,,,,,,,,,,
,,,,0.0,combatantinfo,293.0,2890.0,[],[],0.0,0.0,0.0,0.0,0.0,0.0,83.0,"[{'id': 22718, 'quality': 3, 'icon': 'inv_helmet_41.jpg', 'itemLevel': 68}, {'id': 15411, 'quality': 3, 'icon': 'inv_jewelry_talisman_07.jpg', 'itemLevel': 63}, {'id': 12082, 'quality': 2, 'icon': 'inv_shoulder_16.jpg', 'itemLevel': 58}, {'id': 127, 'quality': 2, 'icon': 'inv_shirt_07.jpg', 'itemLevel': 1}, {'id': 18530, 'quality': 3, 'icon': 'inv_chest_chain_12.jpg', 'itemLevel': 62, 'permanentEnchant': 928}, {'id': 16851, 'quality': 4, 'icon': 'inv_belt_28.jpg', 'itemLevel': 66}, {'id': 11749, 'quality': 3, 'icon': 'inv_pants_03.jpg', 'itemLevel': 53}, {'id': 16675, 'quality': 3, 'icon': 'inv_boots_plate_07.jpg', 'itemLevel': 59, 'permanentEnchant': 904}, {'id': 16850, 'quality': 4, 'icon': 'inv_bracer_17.jpg', 'itemLevel': 66, 'permanentEnchant': 247}, {'id': 13963, 'quality': 3, 'icon': 'inv_gauntlets_15.jpg', 'itemLevel': 60, 'permanentEnchant': 1887}, {'id': 22722, 'quality': 4, 'icon': 'inv_jewelry_ring_20.jpg', 'itemLevel': 65}, {'id': 9533, 'quality': 3, 'icon': 'inv_jewelry_ring_03.jpg', 'itemLevel': 47}, {'id': 18473, 'quality': 3, 'icon': 'inv_jewelry_talisman_10.jpg', 'itemLevel': 62}, {'id': 13965, 'quality': 3, 'icon': 'inv_misc_armorkit_09.jpg', 'itemLevel': 63}, {'id': 10258, 'quality': 2, 'icon': 'inv_misc_cape_08.jpg', 'itemLevel': 60, 'permanentEnchant': 849}, {'id': 19865, 'quality': 4, 'icon': 'inv_sword_55.jpg', 'itemLevel': 68, 'permanentEnchant': 2564}, {'id': 5267, 'quality': 3, 'icon': 'inv_weapon_shortblade_03.jpg', 'itemLevel': 63}, {'id': 18713, 'quality': 4, 'icon': 'inv_weapon_bow_01.jpg', 'itemLevel': 75, 'permanentEnchant': 664}, {'id': 0, 'quality': 1, 'icon': 'inv_axe_02.jpg', 'itemLevel': 0}]",0.0,0.0,0.0,[],149.0,0.0,0.0,0.0,"[{'id': 0, 'icon': 'inv_axe_02.jpg'}, {'id': 0, 'icon': 'inv_axe_02.jpg'}, {'id': 0, 'icon': 'inv_axe_02.jpg'}, {'id': 0, 'icon': 'inv_axe_02.jpg'}]",2.0,0.0,0.0,147.0,338.0,[],0.0,0.0,0.0,,,,,,,,,,,,,,,,,,,,
,,,,0.0,combatantinfo,275.0,1758.0,[],[],0.0,0.0,0.0,0.0,0.0,0.0,238.0,"[{'id': 8345, 'quality': 3, 'icon': 'inv_helmet_04.jpg', 'itemLevel': 45}, {'id': 15411, 'quality': 3, 'icon': 'inv_jewelry_talisman_07.jpg', 'itemLevel': 63}, {'id': 12082, 'quality': 2, 'icon': 'inv_shoulder_16.jpg', 'itemLevel': 58}, {'id': 0, 'quality': 1, 'icon': 'inv_axe_02.jpg', 'itemLevel': 0}, {'id': 22274, 'quality': 3, 'icon': 'inv_chest_leather_08.jpg', 'itemLevel': 52, 'permanentEnchant': 1892}, {'id': 20216, 'quality': 3, 'icon': 'inv_belt_14.jpg', 'itemLevel': 70}, {'id': 15062, 'quality': 3, 'icon': 'inv_pants_wolf.jpg', 'itemLevel': 60, 'permanentEnchant': 2543}, {'id': 11675, 'quality': 3, 'icon': 'inv_boots_01.jpg', 'itemLevel': 55, 'permanentEnchant': 1843}, {'id': 13120, 'quality': 3, 'icon': 'inv_bracer_07.jpg', 'itemLevel': 55, 'permanentEnchant': 1885}, {'id': 15063, 'quality': 3, 'icon': 'inv_gauntlets_26.jpg', 'itemLevel': 58, 'permanentEnchant': 931}, {'id': 17713, 'quality': 3, 'icon': 'inv_jewelry_ring_17.jpg', 'itemLevel': 54}, {'id': 19873, 'quality': 3, 'icon': 'inv_jewelry_ring_39.jpg', 'itemLevel': 71}, {'id': 19120, 'quality': 2, 'icon': 'inv_misc_rune_07.jpg', 'itemLevel': 51}, {'id': 17774, 'quality': 3, 'icon': 'inv_jewelry_talisman_08.jpg', 'itemLevel': 48}, {'id': 17107, 'quality': 4, 'icon': 'inv_misc_cape_08.jpg', 'itemLevel': 73, 'permanentEnchant': 849}, {'id': 19944, 'quality': 4, 'icon': 'inv_fishingpole_02.jpg', 'itemLevel': 65, 'permanentEnchant': 2564, 'temporaryEnchant': 564}, {'id': 0, 'quality': 1, 'icon': 'inv_axe_02.jpg', 'itemLevel': 0}, {'id': 13289, 'quality': 1, 'icon': 'inv_weapon_rifle_05.jpg', 'itemLevel': 1}, {'id': 5976, 'quality': 2, 'icon': 'inv_shirt_guildtabard_01.jpg', 'itemLevel': 1}]",0.0,0.0,0.0,[],178.0,0.0,0.0,0.0,"[{'id': 0, 'icon': 'inv_axe_02.jpg'}, {'id': 0, 'icon': 'inv_axe_02.jpg'}, {'id': 0, 'icon': 'inv_axe_02.jpg'}, {'id': 0, 'icon': 'inv_axe_02.jpg'}]",3.0,0.0,0.0,170.0,154.0,[],0.0,0.0,0.0,,,,,,,,,,,,,,,,,,,,
,,,,0.0,combatantinfo,294.0,2404.0,[],[],0.0,0.0,0.0,0.0,0.0,0.0,186.0,"[{'id': 10833, 'quality': 3, 'icon': 'inv_helmet_25.jpg', 'itemLevel': 56}, {'id': 11196, 'quality': 2, 'icon': 'inv_jewelry_necklace_07.jpg', 'itemLevel': 57}, {'id': 11685, 'quality': 3, 'icon': 'inv_shoulder_13.jpg', 'itemLevel': 55}, {'id': 6134, 'quality': 2, 'icon': 'inv_misc_cape_13.jpg', 'itemLevel': 1}, {'id': 16841, 'quality': 4, 'icon': 'inv_chest_chain_11.jpg', 'itemLevel': 66, 'permanentEnchant': 928}, {'id': 11783, 'quality': 3, 'icon': 'inv_belt_33.jpg', 'itemLevel': 57}, {'id': 16843, 'quality': 4, 'icon': 'inv_pants_03.jpg', 'itemLevel': 66}, {'id': 11908, 'quality': 2, 'icon': 'inv_boots_05.jpg', 'itemLevel': 55, 'permanentEnchant': 724}, {'id': 9638, 'quality': 2, 'icon': 'inv_bracer_06.jpg', 'itemLevel': 50, 'permanentEnchant': 905}, {'id': 16839, 'quality': 4, 'icon': 'inv_gauntlets_11.jpg', 'itemLevel': 66}, {'id': 12038, 'quality': 3, 'icon': 'inv_jewelry_ring_03.jpg', 'itemLevel': 54}, {'id': 18586, 'quality': 3, 'icon': 'inv_jewelry_ring_13.jpg', 'itemLevel': 35}, {'id': 11819, 'quality': 3, 'icon': 'inv_jewelry_talisman_06.jpg', 'itemLevel': 59}, {'id': 20503, 'quality': 3, 'icon': 'inv_wand_01.jpg', 'itemLevel': 52}, {'id': 18510, 'quality': 4, 'icon': 'inv_misc_cape_01.jpg', 'itemLevel': 62}, {'id': 9683, 'quality': 3, 'icon': 'inv_staff_25.jpg', 'itemLevel': 50, 'permanentEnchant': 723, 'temporaryEnchant': 564}, {'id': 0, 'quality': 1, 'icon': 'inv_axe_02.jpg', 'itemLevel': 0}, {'id': 13289, 'quality': 1, 'icon': 'inv_weapon_rifle_05.jpg', 'itemLevel': 1}, {'id': 0, 'quality': 1, 'icon': 'inv_axe_02.jpg', 'itemLevel': 0}]",0.0,0.0,0.0,[],243.0,0.0,0.0,0.0,"[{'id': 0, 'icon': 'inv_axe_02.jpg'}, {'id': 0, 'icon': 'inv_axe_02.jpg'}, {'id': 0, 'icon': 'inv_axe_02.jpg'}, {'id': 0, 'icon': 'inv_axe_02.jpg'}]",4.0,0.0,0.0,326.0,85.0,[],0.0,0.0,0.0,,,,,,,,,,,,,,,,,,,,
,,,,0.0,combatantinfo,395.0,1692.0,[],"[{'source': 6, 'ability': 22818, 'stacks': 1, 'icon': 'spell_nature_massteleport.jpg', 'name': ""Mol'dar's Moxie""}, {'source': 7, 'ability': 22817, 'stacks': 1, 'icon': 'spell_nature_undyingstrength.jpg', 'name': ""Fengus' Ferocity""}, {'source': 8, 'ability': 22820, 'stacks': 1, 'icon': 'spell_holy_lesserheal02.jpg', 'name': ""Slip'kik's Savvy""}]",0.0,0.0,0.0,0.0,0.0,0.0,64.0,"[{'id': 16929, 'quality': 4, 'icon': 'inv_helmet_08.jpg', 'itemLevel': 76}, {'id': 19923, 'quality': 3, 'icon': 'inv_jewelry_necklace_03.jpg', 'itemLevel': 68}, {'id': 19849, 'quality': 4, 'icon': 'inv_shoulder_17.jpg', 'itemLevel': 61}, {'id': 0, 'quality': 1, 'icon': 'inv_axe_02.jpg', 'itemLevel': 0}, {'id': 11924, 'quality': 3, 'icon': 'inv_chest_cloth_16.jpg', 'itemLevel': 60}, {'id': 18809, 'quality': 4, 'icon': 'inv_belt_12.jpg', 'itemLevel': 71}, {'id': 16930, 'quality': 4, 'icon': 'inv_pants_07.jpg', 'itemLevel': 76}, {'id': 11822, 'quality': 3, 'icon': 'inv_boots_05.jpg', 'itemLevel': 59}, {'id': 19848, 'quality': 4, 'icon': 'inv_bracer_07.jpg', 'itemLevel': 61}, {'id': 13253, 'quality': 3, 'icon': 'inv_gauntlets_14.jpg', 'itemLevel': 60}, {'id': 12545, 'quality': 3, 'icon': 'inv_jewelry_ring_05.jpg', 'itemLevel': 60}, {'id': 13001, 'quality': 3, 'icon': 'inv_jewelry_ring_12.jpg', 'itemLevel': 61}, {'id': 13968, 'quality': 3, 'icon': 'inv_jewelry_talisman_08.jpg', 'itemLevel': 63}, {'id': 18467, 'quality': 3, 'icon': 'inv_jewelry_talisman_10.jpg', 'itemLevel': 62}, {'id': 22711, 'quality': 3, 'icon': 'inv_misc_cape_16.jpg', 'itemLevel': 68}, {'id': 19964, 'quality': 3, 'icon': 'inv_sword_37.jpg', 'itemLevel': 68}, {'id': 11904, 'quality': 2, 'icon': 'inv_ore_arcanite_02.jpg', 'itemLevel': 56}, {'id': 16997, 'quality': 3, 'icon': 'inv_wand_05.jpg', 'itemLevel': 62}, {'id': 0, 'quality': 1, 'icon': 'inv_axe_02.jpg', 'itemLevel': 0}]",0.0,0.0,0.0,[],199.0,0.0,0.0,0.0,"[{'id': 0, 'icon': 'inv_axe_02.jpg'}, {'id': 0, 'icon': 'inv_axe_02.jpg'}, {'id': 0, 'icon': 'inv_axe_02.jpg'}, {'id': 0, 'icon': 'inv_axe_02.jpg'}]",5.0,0.0,0.0,265.0,63.0,[],0.0,0.0,0.0,,,,,,,,,,,,,,,,,,,,
,,,,0.0,combatantinfo,292.0,2561.0,[],[],0.0,0.0,0.0,0.0,0.0,0.0,53.0,"[{'id': 16921, 'quality': 4, 'icon': 'inv_helmet_24.jpg', 'itemLevel': 76, 'permanentEnchant': 2590}, {'id': 19885, 'quality': 4, 'icon': 'inv_jewelry_ring_45.jpg', 'itemLevel': 66}, {'id': 19841, 'quality': 4, 'icon': 'inv_shoulder_01.jpg', 'itemLevel': 68, 'permanentEnchant': 2604}, {'id': 0, 'quality': 1, 'icon': 'inv_axe_02.jpg', 'itemLevel': 0}, {'id': 16923, 'quality': 4, 'icon': 'inv_chest_cloth_03.jpg', 'itemLevel': 76, 'permanentEnchant': 928}, {'id': 19842, 'quality': 4, 'icon': 'inv_belt_08.jpg', 'itemLevel': 61}, {'id': 16922, 'quality': 4, 'icon': 'inv_pants_08.jpg', 'itemLevel': 76, 'permanentEnchant': 2590}, {'id': 19437, 'quality': 4, 'icon': 'inv_boots_cloth_03.jpg', 'itemLevel': 70, 'permanentEnchant': 911}, {'id': 19843, 'quality': 4, 'icon': 'inv_bracer_07.jpg', 'itemLevel': 61, 'permanentEnchant': 2566}, {'id': 16812, 'quality': 4, 'icon': 'inv_gauntlets_14.jpg', 'itemLevel': 66}, {'id': 19920, 'quality': 3, 'icon': 'inv_jewelry_ring_47.jpg', 'itemLevel': 68}, {'id': 19863, 'quality': 3, 'icon': 'inv_jewelry_ring_47.jpg', 'itemLevel': 71}, {'id': 19950, 'quality': 4, 'icon': 'inv_jewelry_necklace_13.jpg', 'itemLevel': 68}, {'id': 18469, 'quality': 3, 'icon': 'inv_jewelry_talisman_10.jpg', 'itemLevel': 62}, {'id': 18510, 'quality': 4, 'icon': 'inv_misc_cape_01.jpg', 'itemLevel': 62}, {'id': 18608, 'quality': 4, 'icon': 'inv_staff_30.jpg', 'itemLevel': 75, 'permanentEnchant': 2505}, {'id': 0, 'quality': 1, 'icon': 'inv_axe_02.jpg', 'itemLevel': 0}, {'id': 15282, 'quality': 2, 'icon': 'inv_wand_06.jpg', 'itemLevel': 60}, {'id': 5976, 'quality': 2, 'icon': 'inv_shirt_guildtabard_01.jpg', 'itemLevel': 1}]",0.0,0.0,0.0,[],340.0,0.0,0.0,0.0,"[{'id': 0, 'icon': 'inv_axe_02.jpg'}, {'id': 0, 'icon': 'inv_axe_02.jpg'}, {'id': 0, 'icon': 'inv_axe_02.jpg'}, {'id': 0, 'icon': 'inv_axe_02.jpg'}]",9.0,0.0,0.0,399.0,57.0,[],0.0,0.0,0.0,,,,,,,,,,,,,,,,,,,,
,,,,0.0,combatantinfo,377.0,3377.0,[],"[{'source': 0, 'ability': 24425, 'stacks': 1, 'icon': 'ability_creature_poison_05.jpg', 'name': 'Spirit of Zandalar'}]",0.0,0.0,0.0,0.0,0.0,0.0,255.0,"[{'id': 22718, 'quality': 3, 'icon': 'inv_helmet_41.jpg', 'itemLevel': 68}, {'id': 18205, 'quality': 4, 'icon': 'inv_belt_12.jpg', 'itemLevel': 71}, {'id': 18493, 'quality': 3, 'icon': 'inv_shoulder_26.jpg', 'itemLevel': 60}, {'id': 6125, 'quality': 2, 'icon': 'inv_chest_leather_04.jpg', 'itemLevel': 1}, {'id': 19822, 'quality': 4, 'icon': 'inv_chest_plate07.jpg', 'itemLevel': 65}, {'id': 20216, 'quality': 3, 'icon': 'inv_belt_14.jpg', 'itemLevel': 70}, {'id': 15062, 'quality': 3, 'icon': 'inv_pants_wolf.jpg', 'itemLevel': 60}, {'id': 19906, 'quality': 3, 'icon': 'inv_boots_chain_04.jpg', 'itemLevel': 68}, {'id': 19824, 'quality': 4, 'icon': 'inv_bracer_14.jpg', 'itemLevel': 61}, {'id': 15063, 'quality': 3, 'icon': 'inv_gauntlets_26.jpg', 'itemLevel': 58}, {'id': 17713, 'quality': 3, 'icon': 'inv_jewelry_ring_17.jpg', 'itemLevel': 54}, {'id': 18500, 'quality': 3, 'icon': 'inv_jewelry_ring_13.jpg', 'itemLevel': 61}, {'id': 13965, 'quality': 3, 'icon': 'inv_misc_armorkit_09.jpg', 'itemLevel': 63}, {'id': 11815, 'quality': 3, 'icon': 'inv_jewelry_talisman_01.jpg', 'itemLevel': 58}, {'id': 13340, 'quality': 3, 'icon': 'inv_misc_cape_20.jpg', 'itemLevel': 63}, {'id': 15806, 'quality': 3, 'icon': 'inv_sword_34.jpg', 'itemLevel': 61, 'permanentEnchant': 1900, 'temporaryEnchant': 564}, {'id': 17705, 'quality': 3, 'icon': 'inv_sword_36.jpg', 'itemLevel': 53, 'permanentEnchant': 803}, {'id': 18323, 'quality': 3, 'icon': 'inv_weapon_bow_03.jpg', 'itemLevel': 58}, {'id': 5976, 'quality': 2, 'icon': 'inv_shirt_guildtabard_01.jpg', 'itemLevel': 1}]",0.0,0.0,0.0,[],127.0,0.0,0.0,0.0,"[{'id': 0, 'icon': 'inv_axe_02.jpg'}, {'id': 0, 'icon': 'inv_axe_02.jpg'}, {'id': 0, 'icon': 'inv_axe_02.jpg'}, {'id': 0, 'icon': 'inv_axe_02.jpg'}]",10.0,0.0,0.0,86.0,284.0,[],0.0,0.0,0.0,,,,,,,,,,,,,,,,,,,,
,,,,0.0,combatantinfo,196.0,1225.0,[],[],0.0,0.0,0.0,0.0,0.0,0.0,48.0,"[{'id': 19886, 'quality': 3, 'icon': 'inv_mask_02.jpg', 'itemLevel': 71}, {'id': 19876, 'quality': 4, 'icon': 'inv_jewelry_necklace_19.jpg', 'itemLevel': 68}, {'id': 11782, 'quality': 3, 'icon': 'inv_shoulder_02.jpg', 'itemLevel': 57, 'permanentEnchant': 2486}, {'id': 0, 'quality': 1, 'icon': 'inv_axe_02.jpg', 'itemLevel': 0}, {'id': 19682, 'quality': 3, 'icon': 'inv_chest_cloth_07.jpg', 'itemLevel': 65, 'permanentEnchant': 928}, {'id': 22716, 'quality': 3, 'icon': 'inv_belt_01.jpg', 'itemLevel': 68}, {'id': 19683, 'quality': 3, 'icon': 'inv_pants_cloth_14.jpg', 'itemLevel': 65}, {'id': 19684, 'quality': 3, 'icon': 'inv_boots_cloth_02.jpg', 'itemLevel': 65, 'permanentEnchant': 911}, {'id': 18497, 'quality': 3, 'icon': 'inv_bracer_13.jpg', 'itemLevel': 60, 'permanentEnchant': 1883}, {'id': 13253, 'quality': 3, 'icon': 'inv_gauntlets_14.jpg', 'itemLevel': 60, 'permanentEnchant': 906}, {'id': 22721, 'quality': 4, 'icon': 'inv_jewelry_ring_16.jpg', 'itemLevel': 65}, {'id': 19893, 'quality': 3, 'icon': 'inv_jewelry_ring_46.jpg', 'itemLevel': 71}, {'id': 11832, 'quality': 3, 'icon': 'inv_jewelry_amulet_07.jpg', 'itemLevel': 58}, {'id': 13968, 'quality': 3, 'icon': 'inv_jewelry_talisman_08.jpg', 'itemLevel': 63}, {'id': 22711, 'quality': 3, 'icon': 'inv_misc_cape_16.jpg', 'itemLevel': 68, 'permanentEnchant': 1888}, {'id': 13964, 'quality': 3, 'icon': 'inv_weapon_shortblade_25.jpg', 'itemLevel': 62, 'permanentEnchant': 2568}, {'id': 19310, 'quality': 4, 'icon': 'inv_misc_book_11.jpg', 'itemLevel': 65}, {'id': 19108, 'quality': 3, 'icon': 'inv_wand_01.jpg', 'itemLevel': 63}, {'id': 0, 'quality': 1, 'icon': 'inv_axe_02.jpg', 'itemLevel': 0}]",0.0,0.0,0.0,[],204.0,0.0,0.0,0.0,"[{'id': 0, 'icon': 'inv_axe_02.jpg'}, {'id': 0, 'icon': 'inv_axe_02.jpg'}, {'id': 0, 'icon': 'inv_axe_02.jpg'}, {'id': 0, 'icon': 'inv_axe_02.jpg'}]",11.0,0.0,0.0,336.0,52.0,[],0.0,0.0,0.0,,,,,,,,,,,,,,,,,,,,
,,,,0.0,combatantinfo,294.0,2380.0,[],[],0.0,0.0,0.0,0.0,0.0,0.0,202.0,"[{'id': 22718, 'quality': 3, 'icon': 'inv_helmet_41.jpg', 'itemLevel': 68}, {'id': 19856, 'quality': 4, 'icon': 'inv_jewelry_necklace_22.jpg', 'itemLevel': 68}, {'id': 12927, 'quality': 3, 'icon': 'inv_shoulder_10.jpg', 'itemLevel': 61}, {'id': 4330, 'quality': 2, 'icon': 'inv_shirt_red_01.jpg', 'itemLevel': 22}, {'id': 14637, 'quality': 3, 'icon': 'inv_chest_leather_03.jpg', 'itemLevel': 61}, {'id': 19823, 'quality': 4, 'icon': 'inv_belt_32.jpg', 'itemLevel': 61}, {'id': 15062, 'quality': 3, 'icon': 'inv_pants_wolf.jpg', 'itemLevel': 60}, {'id': 14616, 'quality': 3, 'icon': 'inv_boots_01.jpg', 'itemLevel': 61}, {'id': 12936, 'quality': 3, 'icon': 'inv_bracer_17.jpg', 'itemLevel': 63}, {'id': 15063, 'quality': 3, 'icon': 'inv_gauntlets_26.jpg', 'itemLevel': 58}, {'id': 19898, 'quality': 3, 'icon': 'inv_jewelry_ring_44.jpg', 'itemLevel': 68}, {'id': 18500, 'quality': 3, 'icon': 'inv_jewelry_ring_13.jpg', 'itemLevel': 61}, {'id': 20130, 'quality': 3, 'icon': 'inv_drink_01.jpg', 'itemLevel': 52}, {'id': 13965, 'quality': 3, 'icon': 'inv_misc_armorkit_09.jpg', 'itemLevel': 63}, {'id': 22712, 'quality': 3, 'icon': 'inv_misc_cape_16.jpg', 'itemLevel': 68}, {'id': 19896, 'quality': 4, 'icon': 'inv_weapon_hand_01.jpg', 'itemLevel': 65}, {'id': 19866, 'quality': 4, 'icon': 'inv_sword_55.jpg', 'itemLevel': 66}, {'id': 18680, 'quality': 3, 'icon': 'inv_weapon_bow_08.jpg', 'itemLevel': 61}, {'id': 0, 'quality': 1, 'icon': 'inv_axe_02.jpg', 'itemLevel': 0}]",0.0,0.0,0.0,[],66.0,0.0,0.0,0.0,"[{'id': 0, 'icon': 'inv_axe_02.jpg'}, {'id': 0, 'icon': 'inv_axe_02.jpg'}, {'id': 0, 'icon': 'inv_axe_02.jpg'}, {'id': 0, 'icon': 'inv_axe_02.jpg'}]",12.0,0.0,0.0,54.0,159.0,[],0.0,0.0,0.0,,,,,,,,,,,,,,,,,,,,
,,,,0.0,combatantinfo,231.0,1311.0,[],[],0.0,0.0,0.0,0.0,0.0,0.0,48.0,"[{'id': 16914, 'quality': 4, 'icon': 'inv_helmet_70.jpg', 'itemLevel': 76, 'permanentEnchant': 2588}, {'id': 18814, 'quality': 4, 'icon': 'inv_jewelry_amulet_05.jpg', 'itemLevel': 78}, {'id': 19370, 'quality': 4, 'icon': 'inv_shoulder_25.jpg', 'itemLevel': 73, 'permanentEnchant': 2605}, {'id': 10054, 'quality': 2, 'icon': 'inv_shirt_purple_01.jpg', 'itemLevel': 46}, {'id': 19682, 'quality': 3, 'icon': 'inv_chest_cloth_07.jpg', 'itemLevel': 65, 'permanentEnchant': 928}, {'id': 19136, 'quality': 4, 'icon': 'inv_belt_11.jpg', 'itemLevel': 71}, {'id': 19683, 'quality': 3, 'icon': 'inv_pants_cloth_14.jpg', 'itemLevel': 65, 'permanentEnchant': 2588}, {'id': 19684, 'quality': 3, 'icon': 'inv_boots_cloth_02.jpg', 'itemLevel': 65, 'permanentEnchant': 911}, {'id': 19374, 'quality': 4, 'icon': 'inv_bracer_07.jpg', 'itemLevel': 75, 'permanentEnchant': 1883}, {'id': 16913, 'quality': 4, 'icon': 'inv_gauntlets_14.jpg', 'itemLevel': 76}, {'id': 942, 'quality': 4, 'icon': 'inv_jewelry_ring_07.jpg', 'itemLevel': 52}, {'id': 22721, 'quality': 4, 'icon': 'inv_jewelry_ring_16.jpg', 'itemLevel': 65}, {'id': 19339, 'quality': 4, 'icon': 'spell_nature_wispheal.jpg', 'itemLevel': 76}, {'id': 18820, 'quality': 4, 'icon': 'inv_misc_stonetablet_11.jpg', 'itemLevel': 66}, {'id': 19857, 'quality': 4, 'icon': 'inv_misc_cape_22.jpg', 'itemLevel': 68}, {'id': 17103, 'quality': 4, 'icon': 'inv_sword_39.jpg', 'itemLevel': 71, 'permanentEnchant': 2504}, {'id': 19891, 'quality': 4, 'icon': 'inv_misc_bag_10_black.jpg', 'itemLevel': 66}, {'id': 19861, 'quality': 4, 'icon': 'inv_wand_09.jpg', 'itemLevel': 68}, {'id': 5976, 'quality': 2, 'icon': 'inv_shirt_guildtabard_01.jpg', 'itemLevel': 1}]",0.0,0.0,0.0,[],197.0,0.0,0.0,0.0,"[{'id': 0, 'icon': 'inv_axe_02.jpg'}, {'id': 0, 'icon': 'inv_axe_02.jpg'}, {'id': 0, 'icon': 'inv_axe_02.jpg'}, {'id': 0, 'icon': 'inv_axe_02.jpg'}]",13.0,0.0,0.0,350.0,52.0,[],0.0,0.0,0.0,,,,,,,,,,,,,,,,,,,,
,,,,0.0,combatantinfo,194.0,1051.0,[],"[{'source': 0, 'ability': 22888, 'stacks': 1, 'icon': 'inv_misc_head_dragon_01.jpg', 'name': 'Rallying Cry of the Dragonslayer'}, {'source': 0, 'ability': 24425, 'stacks': 1, 'icon': 'ability_creature_poison_05.jpg', 'name': 'Spirit of Zandalar'}, {'source': 0, 'ability': 15366, 'stacks': 1, 'icon': 'spell_holy_mindvision.jpg'}]",0.0,0.0,0.0,0.0,0.0,0.0,71.0,"[{'id': 16795, 'quality': 4, 'icon': 'inv_helmet_53.jpg', 'itemLevel': 66}, {'id': 20037, 'quality': 3, 'icon': 'inv_misc_gem_topaz_01.jpg', 'itemLevel': 52}, {'id': 10210, 'quality': 2, 'icon': 'inv_shoulder_10.jpg', 'itemLevel': 60}, {'id': 0, 'quality': 1, 'icon': 'inv_axe_02.jpg', 'itemLevel': 0}, {'id': 19682, 'quality': 3, 'icon': 'inv_chest_cloth_07.jpg', 'itemLevel': 65}, {'id': 4329, 'quality': 2, 'icon': 'inv_belt_06.jpg', 'itemLevel': 40}, {'id': 19683, 'quality': 3, 'icon': 'inv_pants_cloth_14.jpg', 'itemLevel': 65}, {'id': 19684, 'quality': 3, 'icon': 'inv_boots_cloth_02.jpg', 'itemLevel': 65}, {'id': 9937, 'quality': 2, 'icon': 'inv_bracer_11.jpg', 'itemLevel': 48}, {'id': 10019, 'quality': 3, 'icon': 'inv_gauntlets_18.jpg', 'itemLevel': 45}, {'id': 7553, 'quality': 2, 'icon': 'inv_jewelry_ring_11.jpg', 'itemLevel': 48}, {'id': 7553, 'quality': 2, 'icon': 'inv_jewelry_ring_11.jpg', 'itemLevel': 48}, {'id': 17759, 'quality': 3, 'icon': 'inv_jewelry_talisman_08.jpg', 'itemLevel': 60}, {'id': 10659, 'quality': 2, 'icon': 'inv_misc_gem_diamond_02.jpg', 'itemLevel': 57}, {'id': 19121, 'quality': 3, 'icon': 'inv_misc_cape_17.jpg', 'itemLevel': 51}, {'id': 873, 'quality': 4, 'icon': 'inv_staff_13.jpg', 'itemLevel': 40, 'permanentEnchant': 2504}, {'id': 0, 'quality': 1, 'icon': 'inv_axe_02.jpg', 'itemLevel': 0}, {'id': 15281, 'quality': 2, 'icon': 'inv_staff_10.jpg', 'itemLevel': 57}, {'id': 0, 'quality': 1, 'icon': 'inv_axe_02.jpg', 'itemLevel': 0}]",0.0,0.0,0.0,[],257.0,0.0,0.0,0.0,"[{'id': 0, 'icon': 'inv_axe_02.jpg'}, {'id': 0, 'icon': 'inv_axe_02.jpg'}, {'id': 0, 'icon': 'inv_axe_02.jpg'}, {'id': 0, 'icon': 'inv_axe_02.jpg'}]",14.0,0.0,0.0,316.0,78.0,[],0.0,0.0,0.0,,,,,,,,,,,,,,,,,,,,
,,,,0.0,combatantinfo,310.0,1284.0,[],[],0.0,0.0,0.0,0.0,0.0,0.0,55.0,"[{'id': 16921, 'quality': 4, 'icon': 'inv_helmet_24.jpg', 'itemLevel': 76, 'permanentEnchant': 2590}, {'id': 19885, 'quality': 4, 'icon': 'inv_jewelry_ring_45.jpg', 'itemLevel': 66}, {'id': 16924, 'quality': 4, 'icon': 'inv_shoulder_02.jpg', 'itemLevel': 76}, {'id': 0, 'quality': 1, 'icon': 'inv_axe_02.jpg', 'itemLevel': 0}, {'id': 16923, 'quality': 4, 'icon': 'inv_chest_cloth_03.jpg', 'itemLevel': 76, 'permanentEnchant': 928}, {'id': 16925, 'quality': 4, 'icon': 'inv_belt_22.jpg', 'itemLevel': 76}, {'id': 16922, 'quality': 4, 'icon': 'inv_pants_08.jpg', 'itemLevel': 76, 'permanentEnchant': 2590}, {'id': 16919, 'quality': 4, 'icon': 'inv_boots_07.jpg', 'itemLevel': 76, 'permanentEnchant': 851}, {'id': 16926, 'quality': 4, 'icon': 'inv_bracer_09.jpg', 'itemLevel': 76, 'permanentEnchant': 1884}, {'id': 16920, 'quality': 4, 'icon': 'inv_gauntlets_14.jpg', 'itemLevel': 76}, {'id': 18395, 'quality': 3, 'icon': 'inv_jewelry_ring_11.jpg', 'itemLevel': 62}, {'id': 16058, 'quality': 3, 'icon': 'inv_jewelry_ring_19.jpg', 'itemLevel': 63}, {'id': 13968, 'quality': 3, 'icon': 'inv_jewelry_talisman_08.jpg', 'itemLevel': 63}, {'id': 18469, 'quality': 3, 'icon': 'inv_jewelry_talisman_10.jpg', 'itemLevel': 62}, {'id': 20218, 'quality': 3, 'icon': 'inv_misc_cape_13.jpg', 'itemLevel': 59, 'permanentEnchant': 1889}, {'id': 18608, 'quality': 4, 'icon': 'inv_staff_30.jpg', 'itemLevel': 75, 'permanentEnchant': 2505}, {'id': 0, 'quality': 1, 'icon': 'inv_axe_02.jpg', 'itemLevel': 0}, {'id': 19435, 'quality': 4, 'icon': 'inv_wand_06.jpg', 'itemLevel': 70}, {'id': 0, 'quality': 1, 'icon': 'inv_axe_02.jpg', 'itemLevel': 0}]",0.0,0.0,0.0,[],352.0,0.0,0.0,0.0,"[{'id': 0, 'icon': 'inv_axe_02.jpg'}, {'id': 0, 'icon': 'inv_axe_02.jpg'}, {'id': 0, 'icon': 'inv_axe_02.jpg'}, {'id': 0, 'icon': 'inv_axe_02.jpg'}]",15.0,0.0,0.0,416.0,61.0,[],0.0,0.0,0.0,,,,,,,,,,,,,,,,,,,,
,,,,0.0,combatantinfo,256.0,1191.0,[],[],0.0,0.0,0.0,0.0,0.0,0.0,47.0,"[{'id': 16914, 'quality': 4, 'icon': 'inv_helmet_70.jpg', 'itemLevel': 76}, {'id': 13141, 'quality': 3, 'icon': 'inv_jewelry_necklace_09.jpg', 'itemLevel': 63}, {'id': 16797, 'quality': 4, 'icon': 'inv_shoulder_02.jpg', 'itemLevel': 66}, {'id': 2576, 'quality': 2, 'icon': 'inv_shirt_white_01.jpg', 'itemLevel': 7}, {'id': 14340, 'quality': 3, 'icon': 'inv_chest_cloth_46.jpg', 'itemLevel': 62, 'permanentEnchant': 913}, {'id': 22716, 'quality': 3, 'icon': 'inv_belt_01.jpg', 'itemLevel': 68}, {'id': 13170, 'quality': 3, 'icon': 'inv_pants_13.jpg', 'itemLevel': 60}, {'id': 11822, 'quality': 3, 'icon': 'inv_boots_05.jpg', 'itemLevel': 59, 'permanentEnchant': 1843}, {'id': 18497, 'quality': 3, 'icon': 'inv_bracer_13.jpg', 'itemLevel': 60, 'permanentEnchant': 905}, {'id': 18808, 'quality': 4, 'icon': 'inv_gauntlets_03.jpg', 'itemLevel': 70}, {'id': 19905, 'quality': 3, 'icon': 'inv_jewelry_ring_46.jpg', 'itemLevel': 68}, {'id': 12926, 'quality': 3, 'icon': 'spell_holy_innerfire.jpg', 'itemLevel': 61}, {'id': 13968, 'quality': 3, 'icon': 'inv_jewelry_talisman_08.jpg', 'itemLevel': 63}, {'id': 12930, 'quality': 3, 'icon': 'inv_misc_root_02.jpg', 'itemLevel': 60}, {'id': 13376, 'quality': 3, 'icon': 'inv_misc_cape_14.jpg', 'itemLevel': 59, 'permanentEnchant': 1889}, {'id': 13161, 'quality': 3, 'icon': 'inv_staff_29.jpg', 'itemLevel': 61}, {'id': 0, 'quality': 1, 'icon': 'inv_axe_02.jpg', 'itemLevel': 0}, {'id': 15281, 'quality': 2, 'icon': 'inv_staff_10.jpg', 'itemLevel': 57}, {'id': 5976, 'quality': 2, 'icon': 'inv_shirt_guildtabard_01.jpg', 'itemLevel': 1}]",0.0,0.0,0.0,[],203.0,0.0,0.0,0.0,"[{'id': 0, 'icon': 'inv_axe_02.jpg'}, {'id': 0, 'icon': 'inv_axe_02.jpg'}, {'id': 0, 'icon': 'inv_axe_02.jpg'}, {'id': 0, 'icon': 'inv_axe_02.jpg'}]",16.0,0.0,0.0,321.0,53.0,[],0.0,0.0,0.0,,,,,,,,,,,,,,,,,,,,
,,,,0.0,combatantinfo,341.0,2509.0,[],[],0.0,0.0,0.0,0.0,0.0,0.0,187.0,"[{'id': 22718, 'quality': 3, 'icon': 'inv_helmet_41.jpg', 'itemLevel': 68}, {'id': 19617, 'quality': 4, 'icon': 'inv_jewelry_necklace_26.jpg', 'itemLevel': 65}, {'id': 16823, 'quality': 4, 'icon': 'inv_shoulder_25.jpg', 'itemLevel': 66}, {'id': 5107, 'quality': 2, 'icon': 'inv_shirt_12.jpg', 'itemLevel': 14}, {'id': 16820, 'quality': 4, 'icon': 'inv_chest_cloth_07.jpg', 'itemLevel': 66, 'permanentEnchant': 1891}, {'id': 16827, 'quality': 4, 'icon': 'inv_belt_23.jpg', 'itemLevel': 66}, {'id': 16909, 'quality': 4, 'icon': 'inv_pants_06.jpg', 'itemLevel': 76, 'permanentEnchant': 1843}, {'id': 16824, 'quality': 4, 'icon': 'inv_boots_08.jpg', 'itemLevel': 66, 'permanentEnchant': 911}, {'id': 16825, 'quality': 4, 'icon': 'inv_bracer_02.jpg', 'itemLevel': 66, 'permanentEnchant': 1885}, {'id': 18823, 'quality': 4, 'icon': 'inv_gauntlets_23.jpg', 'itemLevel': 69, 'permanentEnchant': 1887}, {'id': 19325, 'quality': 4, 'icon': 'inv_jewelry_ring_35.jpg', 'itemLevel': 65}, {'id': 22722, 'quality': 4, 'icon': 'inv_jewelry_ring_20.jpg', 'itemLevel': 65}, {'id': 11122, 'quality': 2, 'icon': 'inv_misc_food_54.jpg', 'itemLevel': 50}, {'id': 19289, 'quality': 4, 'icon': 'inv_misc_ticket_tarot_maelstrom_01.jpg', 'itemLevel': 66}, {'id': 19907, 'quality': 3, 'icon': 'inv_misc_cape_10.jpg', 'itemLevel': 68, 'permanentEnchant': 884}, {'id': 19324, 'quality': 4, 'icon': 'inv_sword_29.jpg', 'itemLevel': 65, 'temporaryEnchant': 564}, {'id': 19099, 'quality': 3, 'icon': 'inv_weapon_shortblade_06.jpg', 'itemLevel': 65, 'temporaryEnchant': 625}, {'id': 2100, 'quality': 4, 'icon': 'inv_weapon_rifle_06.jpg', 'itemLevel': 48}, {'id': 19031, 'quality': 2, 'icon': 'inv_shirt_guildtabard_01.jpg', 'itemLevel': 20}]",0.0,0.0,0.0,[],115.0,0.0,0.0,0.0,"[{'id': 0, 'icon': 'inv_axe_02.jpg'}, {'id': 0, 'icon': 'inv_axe_02.jpg'}, {'id': 0, 'icon': 'inv_axe_02.jpg'}, {'id': 0, 'icon': 'inv_axe_02.jpg'}]",17.0,0.0,0.0,84.0,409.0,[],0.0,0.0,0.0,,,,,,,,,,,,,,,,,,,,
,,,,0.0,combatantinfo,350.0,1155.0,[],[],0.0,0.0,0.0,0.0,0.0,0.0,63.0,"[{'id': 16929, 'quality': 4, 'icon': 'inv_helmet_08.jpg', 'itemLevel': 76, 'permanentEnchant': 2589}, {'id': 19604, 'quality': 3, 'icon': 'inv_jewelry_necklace_25.jpg', 'itemLevel': 68}, {'id': 16932, 'quality': 4, 'icon': 'inv_shoulder_19.jpg', 'itemLevel': 76}, {'id': 4333, 'quality': 2, 'icon': 'inv_shirt_black_01.jpg', 'itemLevel': 31}, {'id': 19682, 'quality': 3, 'icon': 'inv_chest_cloth_07.jpg', 'itemLevel': 65, 'permanentEnchant': 928}, {'id': 19388, 'quality': 4, 'icon': 'inv_belt_13.jpg', 'itemLevel': 77}, {'id': 19683, 'quality': 3, 'icon': 'inv_pants_cloth_14.jpg', 'itemLevel': 65, 'permanentEnchant': 2589}, {'id': 19684, 'quality': 3, 'icon': 'inv_boots_cloth_02.jpg', 'itemLevel': 65}, {'id': 19374, 'quality': 4, 'icon': 'inv_bracer_07.jpg', 'itemLevel': 75, 'permanentEnchant': 1883}, {'id': 19929, 'quality': 3, 'icon': 'inv_gauntlets_16.jpg', 'itemLevel': 71}, {'id': 19905, 'quality': 3, 'icon': 'inv_jewelry_ring_46.jpg', 'itemLevel': 68}, {'id': 18403, 'quality': 4, 'icon': 'inv_jewelry_ring_27.jpg', 'itemLevel': 74}, {'id': 19950, 'quality': 4, 'icon': 'inv_jewelry_necklace_13.jpg', 'itemLevel': 68}, {'id': 12930, 'quality': 3, 'icon': 'inv_misc_root_02.jpg', 'itemLevel': 60}, {'id': 15138, 'quality': 3, 'icon': 'inv_misc_cape_05.jpg', 'itemLevel': 60}, {'id': 18842, 'quality': 4, 'icon': 'inv_staff_13.jpg', 'itemLevel': 70, 'permanentEnchant': 2504}, {'id': 0, 'quality': 1, 'icon': 'inv_axe_02.jpg', 'itemLevel': 0}, {'id': 13938, 'quality': 3, 'icon': 'inv_misc_bone_taurenskull_01.jpg', 'itemLevel': 62}, {'id': 5976, 'quality': 2, 'icon': 'inv_shirt_guildtabard_01.jpg', 'itemLevel': 1}]",0.0,0.0,0.0,[],222.0,0.0,0.0,0.0,"[{'id': 0, 'icon': 'inv_axe_02.jpg'}, {'id': 0, 'icon': 'inv_axe_02.jpg'}, {'id': 0, 'icon': 'inv_axe_02.jpg'}, {'id': 0, 'icon': 'inv_axe_02.jpg'}]",18.0,0.0,0.0,345.0,67.0,[],0.0,0.0,0.0,,,,,,,,,,,,,,,,,,,,
,,,,0.0,combatantinfo,401.0,2712.0,[],[],0.0,0.0,0.0,0.0,0.0,0.0,74.0,"[{'id': 22718, 'quality': 3, 'icon': 'inv_helmet_41.jpg', 'itemLevel': 68}, {'id': 19620, 'quality': 3, 'icon': 'inv_jewelry_necklace_25.jpg', 'itemLevel': 68}, {'id': 16848, 'quality': 4, 'icon': 'inv_shoulder_10.jpg', 'itemLevel': 66}, {'id': 127, 'quality': 2, 'icon': 'inv_shirt_07.jpg', 'itemLevel': 1}, {'id': 19904, 'quality': 4, 'icon': 'inv_chest_plate08.jpg', 'itemLevel': 65}, {'id': 16851, 'quality': 4, 'icon': 'inv_belt_28.jpg', 'itemLevel': 66}, {'id': 15062, 'quality': 3, 'icon': 'inv_pants_wolf.jpg', 'itemLevel': 60}, {'id': 19906, 'quality': 3, 'icon': 'inv_boots_chain_04.jpg', 'itemLevel': 68}, {'id': 16850, 'quality': 4, 'icon': 'inv_bracer_17.jpg', 'itemLevel': 66}, {'id': 15063, 'quality': 3, 'icon': 'inv_gauntlets_26.jpg', 'itemLevel': 58}, {'id': 11862, 'quality': 2, 'icon': 'inv_misc_bone_05.jpg', 'itemLevel': 52}, {'id': 22722, 'quality': 4, 'icon': 'inv_jewelry_ring_20.jpg', 'itemLevel': 65}, {'id': 13965, 'quality': 3, 'icon': 'inv_misc_armorkit_09.jpg', 'itemLevel': 63}, {'id': 18473, 'quality': 3, 'icon': 'inv_jewelry_talisman_10.jpg', 'itemLevel': 62}, {'id': 15789, 'quality': 2, 'icon': 'inv_misc_cape_16.jpg', 'itemLevel': 56}, {'id': 19854, 'quality': 4, 'icon': 'inv_sword_55.jpg', 'itemLevel': 68}, {'id': 0, 'quality': 1, 'icon': 'inv_axe_02.jpg', 'itemLevel': 0}, {'id': 16996, 'quality': 3, 'icon': 'inv_weapon_bow_04.jpg', 'itemLevel': 62, 'permanentEnchant': 664}, {'id': 5976, 'quality': 2, 'icon': 'inv_shirt_guildtabard_01.jpg', 'itemLevel': 1}]",0.0,0.0,0.0,[],195.0,0.0,0.0,0.0,"[{'id': 0, 'icon': 'inv_axe_02.jpg'}, {'id': 0, 'icon': 'inv_axe_02.jpg'}, {'id': 0, 'icon': 'inv_axe_02.jpg'}, {'id': 0, 'icon': 'inv_axe_02.jpg'}]",19.0,0.0,0.0,149.0,302.0,[],0.0,0.0,0.0,,,,,,,,,,,,,,,,,,,,
,,,,0.0,combatantinfo,267.0,3337.0,[],[],0.0,0.0,0.0,0.0,0.0,0.0,86.0,"[{'id': 18727, 'quality': 3, 'icon': 'inv_helmet_51.jpg', 'itemLevel': 59}, {'id': 18814, 'quality': 4, 'icon': 'inv_jewelry_amulet_05.jpg', 'itemLevel': 78}, {'id': 19370, 'quality': 4, 'icon': 'inv_shoulder_25.jpg', 'itemLevel': 73}, {'id': 4330, 'quality': 2, 'icon': 'inv_shirt_red_01.jpg', 'itemLevel': 22}, {'id': 19682, 'quality': 3, 'icon': 'inv_chest_cloth_07.jpg', 'itemLevel': 65}, {'id': 19400, 'quality': 4, 'icon': 'inv_belt_10.jpg', 'itemLevel': 75}, {'id': 19165, 'quality': 4, 'icon': 'inv_pants_06.jpg', 'itemLevel': 70, 'permanentEnchant': 2544}, {'id': 19684, 'quality': 3, 'icon': 'inv_boots_cloth_02.jpg', 'itemLevel': 65}, {'id': 14320, 'quality': 2, 'icon': 'inv_bracer_09.jpg', 'itemLevel': 57, 'permanentEnchant': 929}, {'id': 19929, 'quality': 3, 'icon': 'inv_gauntlets_16.jpg', 'itemLevel': 71}, {'id': 22721, 'quality': 4, 'icon': 'inv_jewelry_ring_16.jpg', 'itemLevel': 65}, {'id': 19397, 'quality': 4, 'icon': 'inv_jewelry_ring_43.jpg', 'itemLevel': 75}, {'id': 19950, 'quality': 4, 'icon': 'inv_jewelry_necklace_13.jpg', 'itemLevel': 68}, {'id': 18820, 'quality': 4, 'icon': 'inv_misc_stonetablet_11.jpg', 'itemLevel': 66}, {'id': 19857, 'quality': 4, 'icon': 'inv_misc_cape_22.jpg', 'itemLevel': 68}, {'id': 19356, 'quality': 4, 'icon': 'inv_staff_06.jpg', 'itemLevel': 81, 'permanentEnchant': 2504}, {'id': 0, 'quality': 1, 'icon': 'inv_axe_02.jpg', 'itemLevel': 0}, {'id': 13289, 'quality': 1, 'icon': 'inv_weapon_rifle_05.jpg', 'itemLevel': 1}, {'id': 5976, 'quality': 2, 'icon': 'inv_shirt_guildtabard_01.jpg', 'itemLevel': 1}]",0.0,0.0,0.0,[],204.0,0.0,0.0,0.0,"[{'id': 0, 'icon': 'inv_axe_02.jpg'}, {'id': 0, 'icon': 'inv_axe_02.jpg'}, {'id': 0, 'icon': 'inv_axe_02.jpg'}, {'id': 0, 'icon': 'inv_axe_02.jpg'}]",20.0,0.0,0.0,272.0,71.0,[],0.0,0.0,0.0,,,,,,,,,,,,,,,,,,,,
,,,,0.0,combatantinfo,520.0,9182.0,[],[],0.0,0.0,0.0,0.0,0.0,0.0,290.0,"[{'id': 16963, 'quality': 4, 'icon': 'inv_helmet_71.jpg', 'itemLevel': 76, 'permanentEnchant': 2583}, {'id': 18404, 'quality': 4, 'icon': 'inv_jewelry_necklace_09.jpg', 'itemLevel': 74}, {'id': 16961, 'quality': 4, 'icon': 'inv_shoulder_34.jpg', 'itemLevel': 76, 'permanentEnchant': 2483}, {'id': 6796, 'quality': 2, 'icon': 'inv_shirt_red_01.jpg', 'itemLevel': 35}, {'id': 16966, 'quality': 4, 'icon': 'inv_chest_plate16.jpg', 'itemLevel': 76, 'permanentEnchant': 1892}, {'id': 16960, 'quality': 4, 'icon': 'inv_belt_09.jpg', 'itemLevel': 76}, {'id': 16867, 'quality': 4, 'icon': 'inv_pants_04.jpg', 'itemLevel': 66}, {'id': 16965, 'quality': 4, 'icon': 'inv_boots_plate_04.jpg', 'itemLevel': 76, 'permanentEnchant': 911}, {'id': 16959, 'quality': 4, 'icon': 'inv_bracer_19.jpg', 'itemLevel': 76, 'permanentEnchant': 1886}, {'id': 16863, 'quality': 4, 'icon': 'inv_gauntlets_10.jpg', 'itemLevel': 66, 'permanentEnchant': 927}, {'id': 18500, 'quality': 3, 'icon': 'inv_jewelry_ring_13.jpg', 'itemLevel': 61}, {'id': 19384, 'quality': 4, 'icon': 'inv_jewelry_ring_41.jpg', 'itemLevel': 83}, {'id': 19431, 'quality': 4, 'icon': 'inv_misc_armorkit_10.jpg', 'itemLevel': 75}, {'id': 19341, 'quality': 4, 'icon': 'inv_misc_gem_pearl_05.jpg', 'itemLevel': 76}, {'id': 17107, 'quality': 4, 'icon': 'inv_misc_cape_08.jpg', 'itemLevel': 73}, {'id': 18348, 'quality': 4, 'icon': 'inv_sword_01.jpg', 'itemLevel': 71, 'permanentEnchant': 1900, 'temporaryEnchant': 564}, {'id': 19349, 'quality': 4, 'icon': 'inv_shield_17.jpg', 'itemLevel': 77}, {'id': 18323, 'quality': 3, 'icon': 'inv_weapon_bow_03.jpg', 'itemLevel': 58}, {'id': 5976, 'quality': 2, 'icon': 'inv_shirt_guildtabard_01.jpg', 'itemLevel': 1}]",0.0,0.0,0.0,[],106.0,0.0,0.0,0.0,"[{'id': 0, 'icon': 'inv_axe_02.jpg'}, {'id': 0, 'icon': 'inv_axe_02.jpg'}, {'id': 0, 'icon': 'inv_axe_02.jpg'}, {'id': 0, 'icon': 'inv_axe_02.jpg'}]",21.0,0.0,0.0,75.0,124.0,[],0.0,0.0,0.0,,,,,,,,,,,,,,,,,,,,
,,,,0.0,combatantinfo,411.0,2950.0,[],"[{'source': 0, 'ability': 22888, 'stacks': 1, 'icon': 'inv_misc_head_dragon_01.jpg', 'name': 'Rallying Cry of the Dragonslayer'}, {'source': 23, 'ability': 16609, 'stacks': 1, 'icon': 'spell_arcane_teleportorgrimmar.jpg'}, {'source': 0, 'ability': 24425, 'stacks': 1, 'icon': 'ability_creature_poison_05.jpg', 'name': 'Spirit of Zandalar'}]",0.0,0.0,0.0,0.0,0.0,0.0,85.0,"[{'id': 22718, 'quality': 3, 'icon': 'inv_helmet_41.jpg', 'itemLevel': 68}, {'id': 18404, 'quality': 4, 'icon': 'inv_jewelry_necklace_09.jpg', 'itemLevel': 74}, {'id': 16848, 'quality': 4, 'icon': 'inv_shoulder_10.jpg', 'itemLevel': 66}, {'id': 127, 'quality': 2, 'icon': 'inv_shirt_07.jpg', 'itemLevel': 1}, {'id': 16845, 'quality': 4, 'icon': 'inv_chest_chain_03.jpg', 'itemLevel': 66}, {'id': 19832, 'quality': 4, 'icon': 'inv_belt_19.jpg', 'itemLevel': 61}, {'id': 15062, 'quality': 3, 'icon': 'inv_pants_wolf.jpg', 'itemLevel': 60}, {'id': 19919, 'quality': 3, 'icon': 'inv_boots_chain_04.jpg', 'itemLevel': 68}, {'id': 18812, 'quality': 4, 'icon': 'inv_bracer_02.jpg', 'itemLevel': 71}, {'id': 15063, 'quality': 3, 'icon': 'inv_gauntlets_26.jpg', 'itemLevel': 58}, {'id': 19325, 'quality': 4, 'icon': 'inv_jewelry_ring_35.jpg', 'itemLevel': 65}, {'id': 19898, 'quality': 3, 'icon': 'inv_jewelry_ring_44.jpg', 'itemLevel': 68}, {'id': 18473, 'quality': 3, 'icon': 'inv_jewelry_talisman_10.jpg', 'itemLevel': 62}, {'id': 13965, 'quality': 3, 'icon': 'inv_misc_armorkit_09.jpg', 'itemLevel': 63}, {'id': 22712, 'quality': 3, 'icon': 'inv_misc_cape_16.jpg', 'itemLevel': 68}, {'id': 18715, 'quality': 4, 'icon': 'inv_staff_21.jpg', 'itemLevel': 75}, {'id': 0, 'quality': 1, 'icon': 'inv_axe_02.jpg', 'itemLevel': 0}, {'id': 18713, 'quality': 4, 'icon': 'inv_weapon_bow_01.jpg', 'itemLevel': 75, 'permanentEnchant': 664}, {'id': 0, 'quality': 1, 'icon': 'inv_axe_02.jpg', 'itemLevel': 0}]",0.0,0.0,0.0,[],169.0,0.0,0.0,0.0,"[{'id': 0, 'icon': 'inv_axe_02.jpg'}, {'id': 0, 'icon': 'inv_axe_02.jpg'}, {'id': 0, 'icon': 'inv_axe_02.jpg'}, {'id': 0, 'icon': 'inv_axe_02.jpg'}]",22.0,0.0,0.0,193.0,341.0,[],0.0,0.0,0.0,,,,,,,,,,,,,,,,,,,,
,,,,0.0,combatantinfo,301.0,1172.0,[],[],0.0,0.0,0.0,0.0,0.0,0.0,52.0,"[{'id': 16921, 'quality': 4, 'icon': 'inv_helmet_24.jpg', 'itemLevel': 76, 'permanentEnchant': 2590}, {'id': 19593, 'quality': 3, 'icon': 'inv_jewelry_necklace_25.jpg', 'itemLevel': 68}, {'id': 19841, 'quality': 4, 'icon': 'inv_shoulder_01.jpg', 'itemLevel': 68}, {'id': 53, 'quality': 2, 'icon': 'inv_shirt_01.jpg', 'itemLevel': 1}, {'id': 20032, 'quality': 4, 'icon': 'inv_chest_cloth_25.jpg', 'itemLevel': 65}, {'id': 19842, 'quality': 4, 'icon': 'inv_belt_08.jpg', 'itemLevel': 61}, {'id': 19385, 'quality': 4, 'icon': 'inv_pants_cloth_19.jpg', 'itemLevel': 77, 'permanentEnchant': 2590}, {'id': 16919, 'quality': 4, 'icon': 'inv_boots_07.jpg', 'itemLevel': 76}, {'id': 16926, 'quality': 4, 'icon': 'inv_bracer_09.jpg', 'itemLevel': 76, 'permanentEnchant': 1884}, {'id': 19369, 'quality': 4, 'icon': 'inv_gauntlets_06.jpg', 'itemLevel': 73}, {'id': 17110, 'quality': 4, 'icon': 'inv_jewelry_ring_21.jpg', 'itemLevel': 70}, {'id': 19863, 'quality': 3, 'icon': 'inv_jewelry_ring_47.jpg', 'itemLevel': 71}, {'id': 19395, 'quality': 4, 'icon': 'inv_misc_gem_topaz_02.jpg', 'itemLevel': 75}, {'id': 19288, 'quality': 4, 'icon': 'inv_misc_ticket_tarot_bluedragon_01.jpg', 'itemLevel': 66}, {'id': 13386, 'quality': 3, 'icon': 'inv_misc_cape_19.jpg', 'itemLevel': 61}, {'id': 19909, 'quality': 4, 'icon': 'inv_staff_35.jpg', 'itemLevel': 65, 'permanentEnchant': 2567}, {'id': 0, 'quality': 1, 'icon': 'inv_axe_02.jpg', 'itemLevel': 0}, {'id': 19435, 'quality': 4, 'icon': 'inv_wand_06.jpg', 'itemLevel': 70}, {'id': 5976, 'quality': 2, 'icon': 'inv_shirt_guildtabard_01.jpg', 'itemLevel': 1}]",0.0,0.0,0.0,[],455.0,0.0,0.0,0.0,"[{'id': 0, 'icon': 'inv_axe_02.jpg'}, {'id': 0, 'icon': 'inv_axe_02.jpg'}, {'id': 0, 'icon': 'inv_axe_02.jpg'}, {'id': 0, 'icon': 'inv_axe_02.jpg'}]",24.0,0.0,0.0,368.0,58.0,[],0.0,0.0,0.0,,,,,,,,,,,,,,,,,,,,
,,,,0.0,removebuff,,,,,,,,,,,,,,,,,,,,,,,,,,,,,,,"{'name': 'Prayer of Fortitude', 'guid': 21564, 'type': 2, 'abilityIcon': 'spell_holy_prayeroffortitude.jpg'}","{'name': 'Inferus', 'id': 25, 'guid': 27323637, 'type': 'Unknown', 'icon': 'Unknown'}",0.0,22.0,1.0,,,,,,,,,,,,,,,
,,,,0.0,removebuff,,,,,,,,,,,,,,,,,,,,,,,,,,,,,,,"{'name': 'Prayer of Spirit', 'guid': 27681, 'type': 2, 'abilityIcon': 'spell_holy_prayerofspirit.jpg'}","{'name': 'Inferus', 'id': 25, 'guid': 27323637, 'type': 'Unknown', 'icon': 'Unknown'}",0.0,22.0,1.0,,,,,,,,,,,,,,,
,,,,0.0,removebuff,,,,,,,,,,,,,,,,,,,,,,,,,,,,,,,"{'name': 'Arcane Brilliance', 'guid': 23028, 'type': 64, 'abilityIcon': 'spell_holy_arcaneintellect.jpg'}","{'name': 'Mizzu', 'id': 26, 'guid': 29439767, 'type': 'Unknown', 'icon': 'Unknown'}",0.0,22.0,1.0,,,,,,,,,,,,,,,
,,,,0.0,damage,,0.0,,,,,,,,,,,,,,,,,,,,21.0,,,,,,,,,"{'name': 'Shoot Bow', 'guid': 2480, 'type': 1, 'abilityIcon': 'ability_marksmanship.jpg'}",,1.0,27.0,0.0,116.0,0.0,"[{'amount': 0, 'max': 0, 'type': -1}]",228.0,100.0,1.0,63.0,0.0,100.0,62.0,2.0,0.0,178.0,138008.0,-1229188.0
